Protein,PDB ID,Total,fa_atr,fa_rep,fa_sol,hbond_sc,rama_prepro
Amyloid-beta,1IYT,5654692.291841216,-37931.231085851585,10292195.198494213,29404.494177787805,-8.138404305809036,660.5624202382163
Tau protein,5N5A,17414093.589396853,-120627.31931586277,31682639.914661437,100095.12633625462,-61.25636812671875,1969.3464331013713
Presenilin-1,5FN2,7462.685933190509,-8077.098081158982,7486.664518543099,4825.256798217506,-15.038718515559284,2097.6094136857896
APOE4,6NCO,-163.05118471468995,-867.3368690353451,171.34988898510431,629.071967332151,-21.438000666221,-50.682065541776915
TREM2,5ELI,1732.3532844871609,-1204.1155700690185,3334.4593036626993,777.3207141260982,-13.062663786477419,62.845492095223925
α-Synuclein,1XQ8,490.5711881140005,-475.91855488549385,196.4660009814461,441.26834136097773,0.0,275.4381926352685
BACE1,5MCQ,1887.2718291609901,-2485.7345288254664,4744.737670480006,1439.6927133918177,-28.999613629893304,37.00601253888162
